mysql> select * from employee;
+------+--------+--------+---------+-------------+------------+-----------+
| id   | name   | salary | adress  | father_name | experience | dept      |
+------+--------+--------+---------+-------------+------------+-----------+
|  523 | santhi | 100000 | mumbai  | raghu       |          4 | developer |
|  524 | ramya  | 150000 | chennai | ramesh      |          3 | tester    |
|  525 | swathi | 130000 | delhi   | suresh      |          5 | developer |
+------+--------+--------+---------+-------------+------------+-----------+
3 rows in set (0.00 sec)

mysql> select * from employee order by name;
+------+--------+--------+---------+-------------+------------+-----------+
| id   | name   | salary | adress  | father_name | experience | dept      |
+------+--------+--------+---------+-------------+------------+-----------+
|  524 | ramya  | 150000 | chennai | ramesh      |          3 | tester    |
|  523 | santhi | 100000 | mumbai  | raghu       |          4 | developer |
|  525 | swathi | 130000 | delhi   | suresh      |          5 | developer |
+------+--------+--------+---------+-------------+------------+-----------+
3 rows in set (0.00 sec)

mysql> select * from employee group by dept;
+------+--------+--------+---------+-------------+------------+-----------+
| id   | name   | salary | adress  | father_name | experience | dept      |
+------+--------+--------+---------+-------------+------------+-----------+
|  523 | santhi | 100000 | mumbai  | raghu       |          4 | developer |
|  524 | ramya  | 150000 | chennai | ramesh      |          3 | tester    |
+------+--------+--------+---------+-------------+------------+-----------+
2 rows in set (0.00 sec)

mysql> select * from employee having salary<150000;
+------+--------+--------+--------+-------------+------------+-----------+
| id   | name   | salary | adress | father_name | experience | dept      |
+------+--------+--------+--------+-------------+------------+-----------+
|  523 | santhi | 100000 | mumbai | raghu       |          4 | developer |
|  525 | swathi | 130000 | delhi  | suresh      |          5 | developer |
+------+--------+--------+--------+-------------+------------+-----------+
2 rows in set (0.00 sec)
